OK?,FILE
y,../debian-12.sources
y,../debian-12-PrisonPC.dpkg.cfg
y,../debian-12-PrisonPC.toml
y,../debian-12-PrisonPC-desktop.sources
y,../debian-12-PrisonPC-inmate.toml
y,../debian-12-PrisonPC-inmate.files/apt-preferences-PrisonPC-inmate
y,../debian-12-PrisonPC-inmate.files/apt-preferences-PrisonPC-inmate.tarinfo
y,../debian-12-PrisonPC-inmate.files/device-paranoia.rules
y,../debian-12-PrisonPC-inmate.files/device-paranoia.rules.tarinfo
y,../debian-12-PrisonPC-inmate.files/firewall-master-server-address.nft
y,../debian-12-PrisonPC-inmate.files/firewall-master-server-address.nft.tarinfo
y,../debian-12-PrisonPC-inmate.files/nslcd.conf
y,../debian-12-PrisonPC-inmate.files/nslcd.conf.tarinfo
y,../debian-12-PrisonPC-inmate.files/tv-snitch-is-inmate-only.service
y,../debian-12-PrisonPC-inmate.files/tv-snitch-is-inmate-only.service.tarinfo
y,../debian-12-PrisonPC-inmate.hooks/customize90-delete-bad-files.glob
y,../debian-12-PrisonPC-inmate.hooks/customize90-delete-bad-files.py
y,../debian-12-PrisonPC-inmate.hooks/essential10-is-kernel-rebuild-needed.py
y,../debian-12-PrisonPC-inmate.hooks/essential10-is-vlc-rebuild-needed.py
y,../debian-12-PrisonPC-server.sources
y,../debian-12-PrisonPC-staff.toml
y,../debian-12-PrisonPC-staff.files/chromium-PPCAdm.desktop
y,../debian-12-PrisonPC-staff.files/chromium-PPCAdm.desktop.tarinfo
y,../debian-12-PrisonPC-staff.files/chromium-PPCAdm.json
y,../debian-12-PrisonPC-staff.files/chromium-PPCAdm.json.tarinfo
y,../debian-12-PrisonPC-staff.files/disable-acceptable-use-policy.service
y,../debian-12-PrisonPC-staff.files/disable-acceptable-use-policy.service.tarinfo
,../debian-12-PrisonPC-staff.files/disc-snitch-override.conf
,../debian-12-PrisonPC-staff.files/disc-snitch-override.conf.tarinfo
y,../debian-12-PrisonPC-staff.files/dvdrip.desktop
y,../debian-12-PrisonPC-staff.files/dvdrip.desktop.tarinfo
y,../debian-12-PrisonPC-staff.files/dvdrip.glade
y,../debian-12-PrisonPC-staff.files/dvdrip.glade.tarinfo
y,../debian-12-PrisonPC-staff.files/dvdrip.py
y,../debian-12-PrisonPC-staff.files/dvdrip.py.tarinfo
,../debian-12-PrisonPC-staff.files/firewall-master-server-address.nft
,../debian-12-PrisonPC-staff.files/firewall-master-server-address.nft.tarinfo
,../debian-12-PrisonPC-staff.files/firewall-staff.nft
,../debian-12-PrisonPC-staff.files/firewall-staff.nft.tarinfo
y,../debian-12-PrisonPC-staff.files/gvncviewer.desktop
y,../debian-12-PrisonPC-staff.files/gvncviewer.desktop.tarinfo
y,../debian-12-PrisonPC-staff.files/network-check.grep
y,../debian-12-PrisonPC-staff.files/network-check.grep.tarinfo
y,../debian-12-PrisonPC-staff.files/nslcd.conf
y,../debian-12-PrisonPC-staff.files/nslcd.conf.tarinfo
y,../debian-12-PrisonPC-staff.files/sftponly-server-config.conf
y,../debian-12-PrisonPC-staff.files/sftponly-server-config.conf.tarinfo
y,../debian-12-PrisonPC-staff.files/srv-share.mount
y,../debian-12-PrisonPC-staff.files/srv-share.mount.tarinfo
y,../debian-12-PrisonPC-staff.files/srv-tv.mount
y,../debian-12-PrisonPC-staff.files/srv-tv.mount.tarinfo
y,../debian-12-PrisonPC-staff.files/x11vnc-should-prompt-staff.service
y,../debian-12-PrisonPC-staff.files/x11vnc-should-prompt-staff.service.tarinfo
y,../debian-12-PrisonPC-staff.files/xdm.theme_colors
y,../debian-12-PrisonPC-staff.files/xdm.theme_colors.tarinfo
y,../debian-12-PrisonPC-tvserver.toml
y,../debian-12-PrisonPC-tvserver.files/etc-prisonpc\x2dpersist.mount
y,../debian-12-PrisonPC-tvserver.files/etc-prisonpc\x2dpersist.mount.tarinfo
,../debian-12-PrisonPC-tvserver.files/modprobe-tbs-reliability.conf
,../debian-12-PrisonPC-tvserver.files/modprobe-tbs-reliability.conf.tarinfo
y,../debian-12-PrisonPC-tvserver.files/srv-tv.mount
y,../debian-12-PrisonPC-tvserver.files/srv-tv.mount.tarinfo
y,../debian-12-PrisonPC-tvserver.files/systemd/check_tv.py
y,../debian-12-PrisonPC-tvserver.files/systemd/check_tv.py.tarinfo
y,../debian-12-PrisonPC-tvserver.files/systemd/check_tv.service
y,../debian-12-PrisonPC-tvserver.files/systemd/check_tv.service.tarinfo
y,../debian-12-PrisonPC-tvserver.files/systemd/check_tv.timer
y,../debian-12-PrisonPC-tvserver.files/systemd/check_tv.timer.tarinfo
y,../debian-12-PrisonPC-tvserver.files/systemd/check_tv.nagios_compatibility_symlink.tarinfo
skip,../debian-12-PrisonPC-tvserver.files/systemd/epg-scan.py
skip,../debian-12-PrisonPC-tvserver.files/systemd/epg-scan.py.tarinfo
skip,../debian-12-PrisonPC-tvserver.files/systemd/epg-scan@.service
skip,../debian-12-PrisonPC-tvserver.files/systemd/epg-scan@.service.tarinfo
skip,../debian-12-PrisonPC-tvserver.files/systemd/epg-scan@.timer
skip,../debian-12-PrisonPC-tvserver.files/systemd/epg-scan@.timer.tarinfo
skip,../debian-12-PrisonPC-tvserver.files/systemd/generate-config.py
skip,../debian-12-PrisonPC-tvserver.files/systemd/generate-config.py.tarinfo
skip,../debian-12-PrisonPC-tvserver.files/systemd/generate-config.service
skip,../debian-12-PrisonPC-tvserver.files/systemd/generate-config.service.tarinfo
skip,../debian-12-PrisonPC-tvserver.files/systemd/import-media.py
skip,../debian-12-PrisonPC-tvserver.files/systemd/import-media.py.tarinfo
skip,../debian-12-PrisonPC-tvserver.files/systemd/import-media.service
skip,../debian-12-PrisonPC-tvserver.files/systemd/import-media.service.tarinfo
skip,../debian-12-PrisonPC-tvserver.files/systemd/import-media.timer
skip,../debian-12-PrisonPC-tvserver.files/systemd/import-media.timer.tarinfo
skip,../debian-12-PrisonPC-tvserver.files/systemd/local-channel.py
skip,../debian-12-PrisonPC-tvserver.files/systemd/local-channel.py.tarinfo
skip,../debian-12-PrisonPC-tvserver.files/systemd/local-channel@.service
skip,../debian-12-PrisonPC-tvserver.files/systemd/local-channel@.service.tarinfo
skip,../debian-12-PrisonPC-tvserver.files/systemd/multicat@.service
skip,../debian-12-PrisonPC-tvserver.files/systemd/multicat@.service.tarinfo
skip,../debian-12-PrisonPC-tvserver.files/systemd/record.py
skip,../debian-12-PrisonPC-tvserver.files/systemd/record.py.tarinfo
skip,../debian-12-PrisonPC-tvserver.files/systemd/record.service
skip,../debian-12-PrisonPC-tvserver.files/systemd/record.service.tarinfo
skip,../debian-12-PrisonPC-tvserver.files/systemd/record.timer
skip,../debian-12-PrisonPC-tvserver.files/systemd/record.timer.tarinfo
skip,../debian-12-PrisonPC-tvserver.files/systemd/record-single.py
skip,../debian-12-PrisonPC-tvserver.files/systemd/record-single.py.tarinfo
skip,../debian-12-PrisonPC-tvserver.files/systemd/tvserver.py
skip,../debian-12-PrisonPC-tvserver.files/systemd/tvserver.py.tarinfo
skip,../debian-12-PrisonPC-tvserver.files/systemd/update-config.py
skip,../debian-12-PrisonPC-tvserver.files/systemd/update-config.py.tarinfo
skip,../debian-12-PrisonPC-tvserver.files/systemd/update-config.service
skip,../debian-12-PrisonPC-tvserver.files/systemd/update-config.service.tarinfo
skip,../debian-12-PrisonPC-tvserver.files/systemd/update-config.timer
skip,../debian-12-PrisonPC-tvserver.files/systemd/update-config.timer.tarinfo
skip,../debian-12-PrisonPC-tvserver.files/systemd/write-epg.py
skip,../debian-12-PrisonPC-tvserver.files/systemd/write-epg.py.tarinfo
skip,../debian-12-PrisonPC-tvserver.files/udev-85-dvb.rules
skip,../debian-12-PrisonPC-tvserver.files/udev-99-test.rules
skip,../debian-12-PrisonPC-tvserver.hooks/customize50-build-tbs-driver.py
y,../debian-12-PrisonPC.files/apt-preferences-PrisonPC
y,../debian-12-PrisonPC.files/apt-preferences-PrisonPC.tarinfo
y,../debian-12-PrisonPC.files/chromium/00-Proxy.json
y,../debian-12-PrisonPC.files/chromium/00-Proxy.json.tarinfo
y,../debian-12-PrisonPC.files/chromium/00-URLs.json
y,../debian-12-PrisonPC.files/chromium/00-URLs.json.tarinfo
y,../debian-12-PrisonPC.files/chromium/01-Startup.json
y,../debian-12-PrisonPC.files/chromium/01-Startup.json.tarinfo
y,../debian-12-PrisonPC.files/chromium/02-RemoteAccess.json
y,../debian-12-PrisonPC.files/chromium/02-RemoteAccess.json.tarinfo
y,../debian-12-PrisonPC.files/chromium/03-PasswordManager.json
y,../debian-12-PrisonPC.files/chromium/03-PasswordManager.json.tarinfo
y,../debian-12-PrisonPC.files/chromium/04-Proxy.json
y,../debian-12-PrisonPC.files/chromium/04-Proxy.json.tarinfo
y,../debian-12-PrisonPC.files/chromium/05-HTTPAuthentication.json
y,../debian-12-PrisonPC.files/chromium/05-HTTPAuthentication.json.tarinfo
y,../debian-12-PrisonPC.files/chromium/06-Extensions.json
y,../debian-12-PrisonPC.files/chromium/06-Extensions.json.tarinfo
y,../debian-12-PrisonPC.files/chromium/07-DefaultSearchProvider.json
y,../debian-12-PrisonPC.files/chromium/07-DefaultSearchProvider.json.tarinfo
y,../debian-12-PrisonPC.files/chromium/08-ContentSettings.json
y,../debian-12-PrisonPC.files/chromium/08-ContentSettings.json.tarinfo
y,../debian-12-PrisonPC.files/chromium/09-NativeMessaging.json
y,../debian-12-PrisonPC.files/chromium/09-NativeMessaging.json.tarinfo
y,../debian-12-PrisonPC.files/chromium/10-GoogleCast.json
y,../debian-12-PrisonPC.files/chromium/10-GoogleCast.json.tarinfo
y,../debian-12-PrisonPC.files/chromium/11-ScreenCapture.json
y,../debian-12-PrisonPC.files/chromium/11-ScreenCapture.json.tarinfo
y,../debian-12-PrisonPC.files/chromium/12-SafeBrowsing.json
y,../debian-12-PrisonPC.files/chromium/12-SafeBrowsing.json.tarinfo
y,../debian-12-PrisonPC.files/chromium/13-CloudReporting.json
y,../debian-12-PrisonPC.files/chromium/13-CloudReporting.json.tarinfo
y,../debian-12-PrisonPC.files/chromium/14-BrowserSwitcher.json
y,../debian-12-PrisonPC.files/chromium/14-BrowserSwitcher.json.tarinfo
y,../debian-12-PrisonPC.files/chromium/15-Signin.json
y,../debian-12-PrisonPC.files/chromium/15-Signin.json.tarinfo
y,../debian-12-PrisonPC.files/chromium/16-UserAndDeviceReporting.json
y,../debian-12-PrisonPC.files/chromium/16-UserAndDeviceReporting.json.tarinfo
y,../debian-12-PrisonPC.files/chromium/17-DeviceUpdate.json
y,../debian-12-PrisonPC.files/chromium/17-DeviceUpdate.json.tarinfo
y,../debian-12-PrisonPC.files/chromium/18-Other.json
y,../debian-12-PrisonPC.files/chromium/18-Other.json.tarinfo
y,../debian-12-PrisonPC.files/chromium/19-Printing.json
y,../debian-12-PrisonPC.files/chromium/19-Printing.json.tarinfo
y,../debian-12-PrisonPC.files/chromium/20-Crostini.json
y,../debian-12-PrisonPC.files/chromium/20-Crostini.json.tarinfo
y,../debian-12-PrisonPC.files/chromium/21-Miscellaneous.json
y,../debian-12-PrisonPC.files/chromium/21-Miscellaneous.json.tarinfo
y,../debian-12-PrisonPC.files/chromium/50-PrivacySandbox.json
y,../debian-12-PrisonPC.files/chromium/50-PrivacySandbox.json.tarinfo
y,../debian-12-PrisonPC.files/chromium/chromium-managed-bookmarks.py
y,../debian-12-PrisonPC.files/chromium/chromium-managed-bookmarks.py.tarinfo
y,../debian-12-PrisonPC.files/chromium/chromium-managed-bookmarks.service
y,../debian-12-PrisonPC.files/chromium/chromium-managed-bookmarks.service.tarinfo
y,../debian-12-PrisonPC.files/chromium/chromium-replaces-evince.desktop
y,../debian-12-PrisonPC.files/chromium/chromium-replaces-evince.desktop.tarinfo
y,../debian-12-PrisonPC.files/chromium/chromium-replaces-khelpcenter.sh
y,../debian-12-PrisonPC.files/chromium/chromium-replaces-khelpcenter.sh.tarinfo
y,../debian-12-PrisonPC.files/chromium/chromium-replaces-ristretto.desktop
y,../debian-12-PrisonPC.files/chromium/chromium-replaces-ristretto.desktop.tarinfo
y,../debian-12-PrisonPC.files/chromium/chromium-replaces-yelp.desktop
y,../debian-12-PrisonPC.files/chromium/chromium-replaces-yelp.desktop.tarinfo
y,../debian-12-PrisonPC.files/chromium/chromium-replaces-yelp.py
y,../debian-12-PrisonPC.files/chromium/chromium-replaces-yelp.py.tarinfo
y,../debian-12-PrisonPC.files/chromium/chromium-singleton-cleanup.service
y,../debian-12-PrisonPC.files/chromium/chromium-singleton-cleanup.service.tarinfo
y,../debian-12-PrisonPC.files/chromium/com.PrisonPC.Complain.desktop
y,../debian-12-PrisonPC.files/chromium/com.PrisonPC.Complain.desktop.tarinfo
y,../debian-12-PrisonPC.files/chromium/com.PrisonPC.EPG.desktop
y,../debian-12-PrisonPC.files/chromium/com.PrisonPC.EPG.desktop.tarinfo
y,../debian-12-PrisonPC.files/chromium/com.PrisonPC.TV.desktop
y,../debian-12-PrisonPC.files/chromium/com.PrisonPC.TV.desktop.tarinfo
y,../debian-12-PrisonPC.files/chromium/com.PrisonPC.TV.py
y,../debian-12-PrisonPC.files/chromium/com.PrisonPC.TV.py.tarinfo
y,../debian-12-PrisonPC.files/chromium/com.PrisonPC.TV.default-application.conf
y,../debian-12-PrisonPC.files/chromium/com.PrisonPC.TV.default-application.conf.tarinfo
y,../debian-12-PrisonPC.files/chromium/remove-debian9-bookmarks.desktop
y,../debian-12-PrisonPC.files/chromium/remove-debian9-bookmarks.desktop.tarinfo
y,../debian-12-PrisonPC.files/chromium/remove-debian9-bookmarks.py
y,../debian-12-PrisonPC.files/chromium/remove-debian9-bookmarks.py.tarinfo
y,../debian-12-PrisonPC.files/chromium/toggle-opendyslexic-in-chromium.desktop
y,../debian-12-PrisonPC.files/chromium/toggle-opendyslexic-in-chromium.desktop.tarinfo
y,../debian-12-PrisonPC.files/chromium/toggle-opendyslexic-in-chromium.py
y,../debian-12-PrisonPC.files/chromium/toggle-opendyslexic-in-chromium.py.tarinfo
y,../debian-12-PrisonPC.files/chromium/workaround-bugs.debian.org-1004716.tarinfo
y,../debian-12-PrisonPC.files/com.prisonpc.crt
y,../debian-12-PrisonPC.files/com.prisonpc.crt.tarinfo
y,../debian-12-PrisonPC.files/cups-client.conf
y,../debian-12-PrisonPC.files/cups-client.conf.tarinfo
y,../debian-12-PrisonPC.files/factory-reset.desktop
y,../debian-12-PrisonPC.files/factory-reset.desktop.tarinfo
y,../debian-12-PrisonPC.files/factory-reset.py
y,../debian-12-PrisonPC.files/factory-reset.py.tarinfo
y,../debian-12-PrisonPC.files/firewall.nft
y,../debian-12-PrisonPC.files/firewall.nft.tarinfo
y,../debian-12-PrisonPC.files/firewall-boot-test.nft
y,../debian-12-PrisonPC.files/firewall-dropin-support.nft
y,../debian-12-PrisonPC.files/firewall-dropin-support.nft.tarinfo
y,../debian-12-PrisonPC.files/firewall-failure-should-reboot.service
y,../debian-12-PrisonPC.files/firewall-failure-should-reboot.service.tarinfo
y,../debian-12-PrisonPC.files/firewall-hosts.nft
y,../debian-12-PrisonPC.files/firewall-hosts.nft.tarinfo
y,../debian-12-PrisonPC.files/fstab
y,../debian-12-PrisonPC.files/fstab.tarinfo
y,../debian-12-PrisonPC.files/gnome-breakout.desktop
y,../debian-12-PrisonPC.files/gnome-breakout.desktop.tarinfo
y,../debian-12-PrisonPC.files/gnome/dconf-profile-user.conf
y,../debian-12-PrisonPC.files/gnome/dconf-profile-user.conf.tarinfo
y,../debian-12-PrisonPC.files/gnome/lockdown.defaults.ini
y,../debian-12-PrisonPC.files/gnome/lockdown.defaults.ini.tarinfo
y,../debian-12-PrisonPC.files/gnome/lockdown.locks.ini
y,../debian-12-PrisonPC.files/gnome/lockdown.locks.ini.tarinfo
y,../debian-12-PrisonPC.files/gnome/theme.defaults.ini
y,../debian-12-PrisonPC.files/gnome/theme.defaults.ini.tarinfo
y,../debian-12-PrisonPC.files/infrared-tv-remote-control/PrisonPC.toml
y,../debian-12-PrisonPC.files/infrared-tv-remote-control/PrisonPC.toml.tarinfo
y,../debian-12-PrisonPC.files/infrared-tv-remote-control/rc_maps.cfg
y,../debian-12-PrisonPC.files/infrared-tv-remote-control/rc_maps.cfg.tarinfo
y,../debian-12-PrisonPC.files/libreoffice/debian9-libreoffice6.1-lockdown.xcd
y,../debian-12-PrisonPC.files/libreoffice/debian9-libreoffice6.1-lockdown.xcd.tarinfo
y,../debian-12-PrisonPC.files/live-boot-hide-rootfs-components.rules
y,../debian-12-PrisonPC.files/live-boot-hide-rootfs-components.rules.tarinfo
y,../debian-12-PrisonPC.files/live-boot-hide-rootfs-components.sh
y,../debian-12-PrisonPC.files/live-boot-hide-rootfs-components.sh.tarinfo
y,../debian-12-PrisonPC.files/live-boot-leave-fstab-alone.conf
y,../debian-12-PrisonPC.files/live-boot-leave-fstab-alone.conf.tarinfo
y,../debian-12-PrisonPC.files/network-check.grep
y,../debian-12-PrisonPC.files/network-check.grep.tarinfo
y,../debian-12-PrisonPC.files/network-check-hook.sh
y,../debian-12-PrisonPC.files/network-check-hook.sh.tarinfo
y,../debian-12-PrisonPC.files/network-check-script.sh
y,../debian-12-PrisonPC.files/network-check-script.sh.tarinfo
y,../debian-12-PrisonPC.files/nslcd.service
y,../debian-12-PrisonPC.files/nslcd.service.tarinfo
y,../debian-12-PrisonPC.files/pki-nssdb/cert9.db
y,../debian-12-PrisonPC.files/pki-nssdb/cert9.db.tarinfo
y,../debian-12-PrisonPC.files/pki-nssdb/key4.db
y,../debian-12-PrisonPC.files/pki-nssdb/key4.db.tarinfo
y,../debian-12-PrisonPC.files/pki-nssdb/nssdb-create.py
y,../debian-12-PrisonPC.files/pki-nssdb/nssdb-install.sh
y,../debian-12-PrisonPC.files/pki-nssdb/nssdb-install.sh.tarinfo
y,../debian-12-PrisonPC.files/plymouth-quit.py
y,../debian-12-PrisonPC.files/plymouth-quit.py.tarinfo
y,../debian-12-PrisonPC.files/plymouth-quit.service
y,../debian-12-PrisonPC.files/plymouth-quit.service.tarinfo
y,../debian-12-PrisonPC.files/polkit-policy.js
y,../debian-12-PrisonPC.files/polkit-policy.js.tarinfo
y,../debian-12-PrisonPC.files/prayer/Mail.desktop
y,../debian-12-PrisonPC.files/prayer/Mail.desktop.tarinfo
y,../debian-12-PrisonPC.files/prayer/Mail-xfce4-helper.desktop
y,../debian-12-PrisonPC.files/prayer/Mail-xfce4-helper.desktop.tarinfo
y,../debian-12-PrisonPC.files/prayer/prayer.cf
y,../debian-12-PrisonPC.files/prayer/prayer.cf.tarinfo
y,../debian-12-PrisonPC.files/prayer/prayer.service
y,../debian-12-PrisonPC.files/prayer/prayer.service.tarinfo
y,../debian-12-PrisonPC.files/prayer/prayer.socket
y,../debian-12-PrisonPC.files/prayer/prayer.socket.tarinfo
y,../debian-12-PrisonPC.files/qonk-wrapper.desktop
y,../debian-12-PrisonPC.files/qonk-wrapper.desktop.tarinfo
y,../debian-12-PrisonPC.files/qonk-wrapper.py
y,../debian-12-PrisonPC.files/qonk-wrapper.py.tarinfo
y,../debian-12-PrisonPC.files/resolved.conf
y,../debian-12-PrisonPC.files/resolved.conf.tarinfo
y,../debian-12-PrisonPC.files/snitches/disc-snitch.py
y,../debian-12-PrisonPC.files/snitches/disc-snitch.py.tarinfo
y,../debian-12-PrisonPC.files/snitches/disc-snitch.rules
y,../debian-12-PrisonPC.files/snitches/disc-snitch.rules.tarinfo
y,../debian-12-PrisonPC.files/snitches/disc-snitch.service
y,../debian-12-PrisonPC.files/snitches/disc-snitch.service.tarinfo
y,../debian-12-PrisonPC.files/snitches/root-notify-send.py
y,../debian-12-PrisonPC.files/snitches/root-notify-send.py.tarinfo
,../debian-12-PrisonPC.files/snitches/session-snitch.py
,../debian-12-PrisonPC.files/snitches/session-snitch.py.tarinfo
,../debian-12-PrisonPC.files/snitches/session-snitch@.service
,../debian-12-PrisonPC.files/snitches/session-snitch@.service.tarinfo
y,../debian-12-PrisonPC.files/snitches/shutdown.py
y,../debian-12-PrisonPC.files/snitches/shutdown.py.tarinfo
,../debian-12-PrisonPC.files/snitches/tv-snitch.py
,../debian-12-PrisonPC.files/snitches/tv-snitch.py.tarinfo
,../debian-12-PrisonPC.files/snitches/tv-snitch@.service
,../debian-12-PrisonPC.files/snitches/tv-snitch@.service.tarinfo
,../debian-12-PrisonPC.files/snitches/usb-snitch.py
,../debian-12-PrisonPC.files/snitches/usb-snitch.py.tarinfo
,../debian-12-PrisonPC.files/snitches/usb-snitch.rules
,../debian-12-PrisonPC.files/snitches/usb-snitch.rules.tarinfo
,../debian-12-PrisonPC.files/snitches/usb-snitch.service
,../debian-12-PrisonPC.files/snitches/usb-snitch.service.tarinfo
,../debian-12-PrisonPC.files/srv-share.mount
,../debian-12-PrisonPC.files/srv-share.mount.tarinfo
,../debian-12-PrisonPC.files/systemd-logind.conf
,../debian-12-PrisonPC.files/systemd-logind.conf.tarinfo
,../debian-12-PrisonPC.files/systemd-sleep.conf
,../debian-12-PrisonPC.files/systemd-sleep.conf.tarinfo
,../debian-12-PrisonPC.files/systemd-system.conf
,../debian-12-PrisonPC.files/systemd-system.conf.tarinfo
,../debian-12-PrisonPC.files/unscd.service
,../debian-12-PrisonPC.files/unscd.service.tarinfo
y,../debian-12-PrisonPC.files/user-home-dir-generator.py
y,../debian-12-PrisonPC.files/user-home-dir-generator.py.tarinfo
y,../debian-12-PrisonPC.files/user-home-dir-generator.service
y,../debian-12-PrisonPC.files/user-home-dir-generator.service.tarinfo
y,../debian-12-PrisonPC.files/xdm/Xsession.options
y,../debian-12-PrisonPC.files/xdm/Xsession.options.tarinfo
y,../debian-12-PrisonPC.files/xdm/acceptable-use-policy.py
y,../debian-12-PrisonPC.files/xdm/acceptable-use-policy.py.tarinfo
y,../debian-12-PrisonPC.files/xdm/acceptable-use-policy.service
y,../debian-12-PrisonPC.files/xdm/acceptable-use-policy.service.tarinfo
y,../debian-12-PrisonPC.files/xdm/disable-ctrl-alt-f2.conf
y,../debian-12-PrisonPC.files/xdm/disable-ctrl-alt-f2.conf.tarinfo
y,../debian-12-PrisonPC.files/xdm/logout-is-reboot.sh
y,../debian-12-PrisonPC.files/xdm/logout-is-reboot.sh.tarinfo
y,../debian-12-PrisonPC.files/xdm/logrotate-xsession-errors.py
y,../debian-12-PrisonPC.files/xdm/logrotate-xsession-errors.py.tarinfo
y,../debian-12-PrisonPC.files/xdm/x11vnc.conf
y,../debian-12-PrisonPC.files/xdm/x11vnc.conf.tarinfo
y,../debian-12-PrisonPC.files/xdm/x11vnc.service
y,../debian-12-PrisonPC.files/xdm/x11vnc.service.tarinfo
y,../debian-12-PrisonPC.files/xdm/xdm.theme
y,../debian-12-PrisonPC.files/xdm/xdm.theme.tarinfo
y,../debian-12-PrisonPC.files/xdm/xdm-post-login.py
y,../debian-12-PrisonPC.files/xdm/xdm-post-login.py.tarinfo
y,../debian-12-PrisonPC.files/xdm/xdm-pre-prompt.py
y,../debian-12-PrisonPC.files/xdm/xdm-pre-prompt.py.tarinfo
y,../debian-12-PrisonPC.files/xdm/xdm.theme_colors
y,../debian-12-PrisonPC.files/xdm/xdm.theme_colors.tarinfo
y,../debian-12-PrisonPC.files/xfce/PrisonPC-menu.svg
y,../debian-12-PrisonPC.files/xfce/PrisonPC-menu.svg.tarinfo
y,../debian-12-PrisonPC.files/xfce/PrisonPC-menu-HighContrast.svg
y,../debian-12-PrisonPC.files/xfce/cache-on-tmpfs-not-nfs.conf
y,../debian-12-PrisonPC.files/xfce/cache-on-tmpfs-not-nfs.conf.tarinfo
y,../debian-12-PrisonPC.files/xfce/cache-on-tmpfs-not-nfs.sh
y,../debian-12-PrisonPC.files/xfce/cache-on-tmpfs-not-nfs.sh.tarinfo
y,../debian-12-PrisonPC.files/xfce/helpers.rc
y,../debian-12-PrisonPC.files/xfce/helpers.rc.tarinfo
y,../debian-12-PrisonPC.files/xfce/kioskrc
y,../debian-12-PrisonPC.files/xfce/kioskrc.tarinfo
y,../debian-12-PrisonPC.files/xfce/lawyers-make-bad-pdfs/96-DPI.desktop
y,../debian-12-PrisonPC.files/xfce/lawyers-make-bad-pdfs/96-DPI.desktop.tarinfo
y,../debian-12-PrisonPC.files/xfce/lawyers-make-bad-pdfs/300-DPI.desktop
y,../debian-12-PrisonPC.files/xfce/lawyers-make-bad-pdfs/300-DPI.desktop.tarinfo
y,../debian-12-PrisonPC.files/xfce/lawyers-make-bad-pdfs/compress.py
y,../debian-12-PrisonPC.files/xfce/lawyers-make-bad-pdfs/compress.py.tarinfo
y,../debian-12-PrisonPC.files/xfce/log-terminal-attempt.desktop
y,../debian-12-PrisonPC.files/xfce/log-terminal-attempt.desktop.tarinfo
y,../debian-12-PrisonPC.files/xfce/log-terminal-attempt.py
y,../debian-12-PrisonPC.files/xfce/log-terminal-attempt.py.tarinfo
y,../debian-12-PrisonPC.files/xfce/popcon.py
y,../debian-12-PrisonPC.files/xfce/popcon.py.tarinfo
y,../debian-12-PrisonPC.files/xfce/popcon.service
y,../debian-12-PrisonPC.files/xfce/popcon.service.tarinfo
y,../debian-12-PrisonPC.files/xfce/popcon.timer
y,../debian-12-PrisonPC.files/xfce/popcon.timer.tarinfo
y,../debian-12-PrisonPC.files/xfce/popcon-errata.ini
y,../debian-12-PrisonPC.files/xfce/popcon-errata.ini.tarinfo
y,../debian-12-PrisonPC.files/xfce/popcon-generate.py
y,../debian-12-PrisonPC.files/xfce/popcon-generate.py.tarinfo
y,../debian-12-PrisonPC.files/xfce/quota-reminder.desktop
y,../debian-12-PrisonPC.files/xfce/quota-reminder.desktop.tarinfo
y,../debian-12-PrisonPC.files/xfce/quota-reminder.py
y,../debian-12-PrisonPC.files/xfce/quota-reminder.py.tarinfo
y,../debian-12-PrisonPC.files/xfce/thunar.xml
y,../debian-12-PrisonPC.files/xfce/thunar.xml.tarinfo
y,../debian-12-PrisonPC.files/xfce/thunar-bookmark-srv-share.py
y,../debian-12-PrisonPC.files/xfce/thunar-bookmark-srv-share.py.tarinfo
y,../debian-12-PrisonPC.files/xfce/thunar-bookmark-srv-share.service
y,../debian-12-PrisonPC.files/xfce/thunar-bookmark-srv-share.service.tarinfo
y,../debian-12-PrisonPC.files/xfce/thunar-volman.xml
y,../debian-12-PrisonPC.files/xfce/thunar-volman.xml.tarinfo
y,../debian-12-PrisonPC.files/xfce/too-many-games/xfce-applications.menu
y,../debian-12-PrisonPC.files/xfce/too-many-games/xfce-applications.menu.tarinfo
y,../debian-12-PrisonPC.files/xfce/too-many-games/xfce-games-action.directory
y,../debian-12-PrisonPC.files/xfce/too-many-games/xfce-games-action.directory.tarinfo
y,../debian-12-PrisonPC.files/xfce/too-many-games/xfce-games-adventure.directory
y,../debian-12-PrisonPC.files/xfce/too-many-games/xfce-games-adventure.directory.tarinfo
y,../debian-12-PrisonPC.files/xfce/too-many-games/xfce-games-arcade.directory
y,../debian-12-PrisonPC.files/xfce/too-many-games/xfce-games-arcade.directory.tarinfo
y,../debian-12-PrisonPC.files/xfce/too-many-games/xfce-games-blocks.directory
y,../debian-12-PrisonPC.files/xfce/too-many-games/xfce-games-blocks.directory.tarinfo
y,../debian-12-PrisonPC.files/xfce/too-many-games/xfce-games-board.directory
y,../debian-12-PrisonPC.files/xfce/too-many-games/xfce-games-board.directory.tarinfo
y,../debian-12-PrisonPC.files/xfce/too-many-games/xfce-games-card.directory
y,../debian-12-PrisonPC.files/xfce/too-many-games/xfce-games-card.directory.tarinfo
y,../debian-12-PrisonPC.files/xfce/too-many-games/xfce-games-kids.directory
y,../debian-12-PrisonPC.files/xfce/too-many-games/xfce-games-kids.directory.tarinfo
y,../debian-12-PrisonPC.files/xfce/too-many-games/xfce-games-logic.directory
y,../debian-12-PrisonPC.files/xfce/too-many-games/xfce-games-logic.directory.tarinfo
y,../debian-12-PrisonPC.files/xfce/too-many-games/xfce-games-other.directory
y,../debian-12-PrisonPC.files/xfce/too-many-games/xfce-games-other.directory.tarinfo
y,../debian-12-PrisonPC.files/xfce/too-many-games/xfce-games-roleplaying.directory
y,../debian-12-PrisonPC.files/xfce/too-many-games/xfce-games-roleplaying.directory.tarinfo
y,../debian-12-PrisonPC.files/xfce/too-many-games/xfce-games-simulation.directory
y,../debian-12-PrisonPC.files/xfce/too-many-games/xfce-games-simulation.directory.tarinfo
y,../debian-12-PrisonPC.files/xfce/too-many-games/xfce-games-sports.directory
y,../debian-12-PrisonPC.files/xfce/too-many-games/xfce-games-sports.directory.tarinfo
y,../debian-12-PrisonPC.files/xfce/too-many-games/xfce-games-strategy.directory
y,../debian-12-PrisonPC.files/xfce/too-many-games/xfce-games-strategy.directory.tarinfo
y,../debian-12-PrisonPC.files/xfce/umask.sh
y,../debian-12-PrisonPC.files/xfce/umask.sh.tarinfo
y,../debian-12-PrisonPC.files/xfce/what-is-my-ip.desktop
y,../debian-12-PrisonPC.files/xfce/what-is-my-ip.desktop.tarinfo
y,../debian-12-PrisonPC.files/xfce/what-is-my-ip.py
y,../debian-12-PrisonPC.files/xfce/what-is-my-ip.py.tarinfo
y,../debian-12-PrisonPC.files/xfce/xfce4-desktop.xml
y,../debian-12-PrisonPC.files/xfce/xfce4-desktop.xml.tarinfo
y,../debian-12-PrisonPC.files/xfce/xfce4-desktop-update.py
y,../debian-12-PrisonPC.files/xfce/xfce4-desktop-update.py.tarinfo
y,../debian-12-PrisonPC.files/xfce/xfce4-keyboard-shortcuts.xml
y,../debian-12-PrisonPC.files/xfce/xfce4-keyboard-shortcuts.xml.tarinfo
y,../debian-12-PrisonPC.files/xfce/xfce4-notifyd.xml
y,../debian-12-PrisonPC.files/xfce/xfce4-notifyd.xml.tarinfo
y,../debian-12-PrisonPC.files/xfce/xfce4-panel.xml
y,../debian-12-PrisonPC.files/xfce/xfce4-panel.xml.tarinfo
skip,../debian-12-PrisonPC.files/xfce/xfce4-power-manager.xml
skip,../debian-12-PrisonPC.files/xfce/xfce4-power-manager.xml.tarinfo
,../debian-12-PrisonPC.files/xfce/xfce4-session.xml
,../debian-12-PrisonPC.files/xfce/xfce4-session.xml.tarinfo
,../debian-12-PrisonPC.files/xfce/xfce-settings-manager.menu
,../debian-12-PrisonPC.files/xfce/xfce-settings-manager.menu.tarinfo
,../debian-12-PrisonPC.files/xfce/xfwm4.xml
,../debian-12-PrisonPC.files/xfce/xfwm4.xml.tarinfo
,../debian-12-PrisonPC.files/xfce/xsettings.xml
,../debian-12-PrisonPC.files/xfce/xsettings.xml.tarinfo
y,../debian-12-PrisonPC.files/xfce/xsettings-is-ignored-by-fucking-qt5.sh
y,../debian-12-PrisonPC.files/xfce/xsettings-is-ignored-by-fucking-qt5.sh.tarinfo
y,../debian-12-PrisonPC.hooks/customize10-dconf-update.py
,../debian-12-PrisonPC.hooks/customize20-disable-xinitrc.py
,../debian-12-PrisonPC.hooks/customize50-generic-app-names.conf
,../debian-12-PrisonPC.hooks/customize50-generic-app-names.py
,../debian-12-PrisonPC.hooks/customize50-generic-app-names.exec-fixes.conf
y,../debian-12-PrisonPC.hooks/customize70-chromium-not-yelp.py
y,../debian-12-PrisonPC.hooks/customize70-disable-libreoffice-encryption.py
,../debian-12-PrisonPC.hooks/customize80-chmod-scary-binaries.conf
,../debian-12-PrisonPC.hooks/customize80-chmod-scary-binaries.py
,../debian-12-PrisonPC.hooks/customize80-purge-bad-packages.py
,../debian-12-PrisonPC.hooks/customize90-delete-bad-files.glob
,../debian-12-PrisonPC.hooks/customize90-delete-bad-files.py
y,../debian-12-PrisonPC.hooks/customize91-generate-popcon-cache.sh
y,../debian-12-PrisonPC.hooks/customize95-check-for-suid-sgid.conf
y,../debian-12-PrisonPC.hooks/customize95-check-for-suid-sgid.py
y,../debian-12-PrisonPC.hooks/customize95-obfuscate-chromium-json.py
y,../debian-12-PrisonPC.hooks/customize95-obfuscate-python.py
y,../debian-12-PrisonPC.hooks/customize95-obfuscate-python-inner.py
y,../debian-12-PrisonPC.hooks/essential10-is-marble-rebuild-needed.py
y,../debian-12-PrisonPC.hooks/essential50-enable-libnss-ldapd.py
y,../debian-12-PrisonPC.packages/.gitignore
y,../debian-12-PrisonPC.packages/alephone/debian/alephone.install
y,../debian-12-PrisonPC.packages/alephone/debian/alephone.links
y,../debian-12-PrisonPC.packages/alephone/debian/alephone.manpages
y,../debian-12-PrisonPC.packages/alephone/debian/changelog
y,../debian-12-PrisonPC.packages/alephone/debian/clean
y,../debian-12-PrisonPC.packages/alephone/debian/control
y,../debian-12-PrisonPC.packages/alephone/debian/copyright
y,../debian-12-PrisonPC.packages/alephone/debian/marathon.png
y,../debian-12-PrisonPC.packages/alephone/debian/marathon-1.desktop
y,../debian-12-PrisonPC.packages/alephone/debian/marathon-2.desktop
y,../debian-12-PrisonPC.packages/alephone/debian/marathon-3.desktop
y,../debian-12-PrisonPC.packages/alephone/debian/rules
y,../debian-12-PrisonPC.packages/alephone/debian/source/format
y,../debian-12-PrisonPC.packages/alephone/debian/source/include-binaries
y,../debian-12-PrisonPC.packages/alephone/debian/watch
y,../debian-12-PrisonPC.packages/build-emacs.py
y,../debian-12-PrisonPC.packages/build-emacs-inner.py
y,../debian-12-PrisonPC.packages/build-game-data.py
y,../debian-12-PrisonPC.packages/build-inmate-kernel.ini
y,../debian-12-PrisonPC.packages/build-inmate-kernel.py
y,../debian-12-PrisonPC.packages/build-inmate-kernel-inner.py
y,../debian-12-PrisonPC.packages/build-inmate-kernel.config-current
y,../debian-12-PrisonPC.packages/build-inmate-kernel.config-old
y,../debian-12-PrisonPC.packages/build-libdvdcss2.py
y,../debian-12-PrisonPC.packages/build-marble.py
y,../debian-12-PrisonPC.packages/build-marble-inner.py
y,../debian-12-PrisonPC.packages/build-misc.py
y,../debian-12-PrisonPC.packages/build-prayer.py
y,../debian-12-PrisonPC.packages/build-vlc.py
y,../debian-12-PrisonPC.packages/build-vlc-inner.py
y,../debian-12-PrisonPC.packages/crosswords/debian/changelog
y,../debian-12-PrisonPC.packages/crosswords/debian/control
y,../debian-12-PrisonPC.packages/crosswords/debian/copyright
y,../debian-12-PrisonPC.packages/crosswords/debian/rules
y,../debian-12-PrisonPC.packages/crosswords/debian/source/format
y,../debian-12-PrisonPC.packages/crosswords/debian/watch
y,../debian-12-PrisonPC.packages/endless-sky/debian/changelog
y,../debian-12-PrisonPC.packages/endless-sky/debian/control
y,../debian-12-PrisonPC.packages/endless-sky/debian/endless-sky.install
y,../debian-12-PrisonPC.packages/endless-sky/debian/endless-sky-data.install
y,../debian-12-PrisonPC.packages/endless-sky/debian/rules
y,../debian-12-PrisonPC.packages/endless-sky/debian/source/format
y,../debian-12-PrisonPC.packages/endless-sky/debian/watch
y,../debian-12-PrisonPC.packages/libipuz/debian/changelog
y,../debian-12-PrisonPC.packages/libipuz/debian/control
y,../debian-12-PrisonPC.packages/libipuz/debian/copyright
y,../debian-12-PrisonPC.packages/libipuz/debian/rules
y,../debian-12-PrisonPC.packages/libipuz/debian/source/format
y,../debian-12-PrisonPC.packages/libipuz/debian/watch
y,../debian-12-PrisonPC.packages/prisonpc-chromium-hunspell-dictionaries/debian/changelog
y,../debian-12-PrisonPC.packages/prisonpc-chromium-hunspell-dictionaries/debian/control
y,../debian-12-PrisonPC.packages/prisonpc-chromium-hunspell-dictionaries/debian/copyright
y,../debian-12-PrisonPC.packages/prisonpc-chromium-hunspell-dictionaries/debian/install
y,../debian-12-PrisonPC.packages/prisonpc-chromium-hunspell-dictionaries/debian/rules
y,../debian-12-PrisonPC.packages/prisonpc-chromium-hunspell-dictionaries/debian/source/format
y,../debian-12-PrisonPC.packages/prisonpc-chromium-hunspell-dictionaries/debian/update-chromium-hunspell-dictionaries
y,../debian-12-PrisonPC.packages/prisonpc-chromium-hunspell-dictionaries/debian/update-chromium-hunspell-dictionaries.desktop
y,../debian-12-PrisonPC.packages/prisonpc-ersatz/debian/changelog
y,../debian-12-PrisonPC.packages/prisonpc-ersatz/debian/control
y,../debian-12-PrisonPC.packages/prisonpc-ersatz/debian/copyright
y,../debian-12-PrisonPC.packages/prisonpc-ersatz/debian/prisonpc-ersatz-dictionaries-common.links
y,../debian-12-PrisonPC.packages/prisonpc-ersatz/debian/prisonpc-ersatz-e2fsprogs.lintian-overrides
y,../debian-12-PrisonPC.packages/prisonpc-ersatz/debian/rules
y,../debian-12-PrisonPC.packages/prisonpc-ersatz/debian/source/format
y,../debian-12-PrisonPC.packages/prisonpc-fonts/debian/55-fonts-prisonpc-core.conf
y,../debian-12-PrisonPC.packages/prisonpc-fonts/debian/TODO
y,../debian-12-PrisonPC.packages/prisonpc-fonts/debian/changelog
y,../debian-12-PrisonPC.packages/prisonpc-fonts/debian/control
y,../debian-12-PrisonPC.packages/prisonpc-fonts/debian/copyright
y,../debian-12-PrisonPC.packages/prisonpc-fonts/debian/fonts-prisonpc-core.install
y,../debian-12-PrisonPC.packages/prisonpc-fonts/debian/fonts-prisonpc-core.links
y,../debian-12-PrisonPC.packages/prisonpc-fonts/debian/rules
y,../debian-12-PrisonPC.packages/prisonpc-fonts/debian/source/format
y,../debian-12-PrisonPC.packages/prisonpc-openttd-extras/debian/README.source
y,../debian-12-PrisonPC.packages/prisonpc-openttd-extras/debian/changelog
y,../debian-12-PrisonPC.packages/prisonpc-openttd-extras/debian/control
y,../debian-12-PrisonPC.packages/prisonpc-openttd-extras/debian/rules
y,../debian-12-PrisonPC.packages/prisonpc-openttd-extras/debian/rules.py
y,../debian-12-PrisonPC.packages/prisonpc-openttd-extras/debian/source/format
y,../debian-12-PrisonPC.packages/prisonpc-openttd-extras/debian/urls
y,../debian-12-PrisonPC.packages/prisonpc-warzone2100-extras/debian/changelog
y,../debian-12-PrisonPC.packages/prisonpc-warzone2100-extras/debian/control
y,../debian-12-PrisonPC.packages/prisonpc-warzone2100-extras/debian/copyright
y,../debian-12-PrisonPC.packages/prisonpc-warzone2100-extras/debian/install
y,../debian-12-PrisonPC.packages/prisonpc-warzone2100-extras/debian/maps.urls
y,../debian-12-PrisonPC.packages/prisonpc-warzone2100-extras/debian/rules
y,../debian-12-PrisonPC.packages/prisonpc-warzone2100-extras/debian/source/format
y,../debian-12-PrisonPC.packages/prisonpc-warzone2100-extras/debian/warzone2100-addon-fix
y,../debian-12-PrisonPC.packages/prisonpc-warzone2100-extras/debian/warzone2100-addon-fix.desktop
y,../debian-12-PrisonPC.packages/prisonpc-wesnoth-extras/debian/addons.ini
y,../debian-12-PrisonPC.packages/prisonpc-wesnoth-extras/debian/changelog
y,../debian-12-PrisonPC.packages/prisonpc-wesnoth-extras/debian/control
y,../debian-12-PrisonPC.packages/prisonpc-wesnoth-extras/debian/copyright
y,../debian-12-PrisonPC.packages/prisonpc-wesnoth-extras/debian/install
y,../debian-12-PrisonPC.packages/prisonpc-wesnoth-extras/debian/rules
y,../debian-12-PrisonPC.packages/prisonpc-wesnoth-extras/debian/rules.py
y,../debian-12-PrisonPC.packages/prisonpc-wesnoth-extras/debian/source/format
y,../debian-12-PrisonPC.packages/prisonpc-wesnoth-extras/debian/wesnoth-addon-fix
y,../debian-12-PrisonPC.packages/prisonpc-wesnoth-extras/debian/wesnoth-addon-fix.desktop
y,../debian-12-PrisonPC.packages/quota/debian/changelog
y,../debian-12-PrisonPC.packages/quota/debian/control
y,../debian-12-PrisonPC.packages/quota/debian/install
y,../debian-12-PrisonPC.packages/quota/debian/rules
y,../debian-12-PrisonPC.packages/quota/debian/source/format
y,../debian-12-PrisonPC.packages/quota/debian/watch
y,../debian-12-PrisonPC.packages/tv-grab-dvb/debian/changelog
y,../debian-12-PrisonPC.packages/tv-grab-dvb/debian/clean
y,../debian-12-PrisonPC.packages/tv-grab-dvb/debian/control
y,../debian-12-PrisonPC.packages/tv-grab-dvb/debian/docs
y,../debian-12-PrisonPC.packages/tv-grab-dvb/debian/examples
y,../debian-12-PrisonPC.packages/tv-grab-dvb/debian/install
y,../debian-12-PrisonPC.packages/tv-grab-dvb/debian/patches/fix-makefile
y,../debian-12-PrisonPC.packages/tv-grab-dvb/debian/patches/series
y,../debian-12-PrisonPC.packages/tv-grab-dvb/debian/rules
y,../debian-12-PrisonPC.packages/tv-grab-dvb/debian/source/format
y,../debian-12-PrisonPC.packages/tv-grab-dvb/debian/watch
y,../debian-12-PrisonPC.site-apps.toml
skip,../debian-12-datasafe3.toml
skip,../debian-12-datasafe3.files/TEMPLATE-etc-aliases
skip,../debian-12-datasafe3.files/TEMPLATE-etc-aliases.tarinfo
skip,../debian-12-datasafe3.files/TEMPLATE-etc-dyndns.conf
skip,../debian-12-datasafe3.files/TEMPLATE-etc-dyndns.conf.tarinfo
skip,../debian-12-datasafe3.files/TEMPLATE-etc-msmtprc
skip,../debian-12-datasafe3.files/TEMPLATE-etc-msmtprc.tarinfo
skip,../debian-12-datasafe3.files/TEMPLATE-etc-ssh-ssh_config
skip,../debian-12-datasafe3.files/TEMPLATE-etc-ssh-ssh_config.tarinfo
skip,../debian-12-datasafe3.files/boot-filesystem.module
skip,../debian-12-datasafe3.files/boot-filesystem.module.tarinfo
skip,../debian-12-datasafe3.files/boot-syslinux.cfg
skip,../debian-12-datasafe3.files/boot-syslinux.cfg.tarinfo
skip,../debian-12-datasafe3.files/dyndns.service
skip,../debian-12-datasafe3.files/dyndns.service.tarinfo
skip,../debian-12-datasafe3.files/dyndns.timer
skip,../debian-12-datasafe3.files/dyndns.timer.tarinfo
skip,../debian-12-datasafe3.files/fstab
skip,../debian-12-datasafe3.files/fstab.tarinfo
skip,../debian-12-datasafe3.files/journalcheck.py
skip,../debian-12-datasafe3.files/journalcheck.py.tarinfo
skip,../debian-12-datasafe3.files/journalcheck.service
skip,../debian-12-datasafe3.files/journalcheck.service.tarinfo
skip,../debian-12-datasafe3.files/journalcheck.timer
skip,../debian-12-datasafe3.files/journalcheck.timer.tarinfo
skip,../debian-12-datasafe3.files/journalcheck-summarize.sed
skip,../debian-12-datasafe3.files/journalcheck-summarize.sed.tarinfo
skip,../debian-12-datasafe3.files/logcheck-ignore
skip,../debian-12-datasafe3.files/logcheck-ignore.tarinfo
skip,../debian-12-datasafe3.files/openssh-unusual-port.conf
skip,../debian-12-datasafe3.files/openssh-unusual-port.conf.tarinfo
skip,../debian-12-datasafe3.files/rsnapshot.conf
skip,../debian-12-datasafe3.files/rsnapshot.conf.tarinfo
skip,../debian-12-datasafe3.files/rsnapshot.service
skip,../debian-12-datasafe3.files/rsnapshot.service.tarinfo
skip,../debian-12-datasafe3.files/rsnapshot.timer
skip,../debian-12-datasafe3.files/rsnapshot.timer.tarinfo
skip,../debian-12-datasafe3.files/rsnapshot-best-current-practice.conf
skip,../debian-12-datasafe3.files/rsnapshot-best-current-practice.conf.tarinfo
skip,../debian-12-datasafe3.files/rsnapshot-standard-expiry.conf
skip,../debian-12-datasafe3.files/rsnapshot-standard-expiry.conf.tarinfo
skip,../debian-12-datasafe3.files/rsnapshot-wrapper.py
skip,../debian-12-datasafe3.files/rsnapshot-wrapper.py.tarinfo
skip,../debian-12-datasafe3.files/ssh-sftponly.service.d-sftponly.conf
skip,../debian-12-datasafe3.files/ssh-sftponly.service.d-sftponly.conf.tarinfo
skip,../debian-12-datasafe3.files/storage-check.py
skip,../debian-12-datasafe3.files/storage-check.py.tarinfo
skip,../debian-12-datasafe3.files/storage-check.service
skip,../debian-12-datasafe3.files/storage-check.service.tarinfo
skip,../debian-12-datasafe3.files/storage-check.timer
skip,../debian-12-datasafe3.files/storage-check.timer.tarinfo
skip,../debian-12-datasafe3.hooks/customize50-fuck.py
y,../debian-12-debsecan.py
y,../debian-12-desktop.toml
y,../debian-12-desktop.files/libreoffice-thesaurus-en-AU-dat.tarinfo
y,../debian-12-desktop.files/libreoffice-thesaurus-en-AU-idx.tarinfo
y,../debian-12-desktop.files/plymouthd.conf
y,../debian-12-desktop.files/plymouthd.conf.tarinfo
y,../debian-12-desktop.files/xdm.theme
y,../debian-12-desktop.files/xdm.theme.tarinfo
y,../debian-12-desktop.files/xfce-spice-output-resizer.desktop
y,../debian-12-desktop.files/xfce-spice-output-resizer.desktop.tarinfo
y,../debian-12-desktop.files/xfce-spice-output-resizer.py
y,../debian-12-desktop.files/xfce-spice-output-resizer.py.tarinfo
y,../debian-12-desktop.hooks/essential10-fuck.py
y,../debian-12-install-footprint.py
y,../debian-12-main.dpkg.cfg
y,../debian-12-main.py
y,../debian-12-main.toml
y,../debian-12-main-netboot-only.files/etc-initramfs-tools-conf.d-bootstrap2020-netboot-only
y,../debian-12-main-netboot-only.files/etc-initramfs-tools-conf.d-bootstrap2020-netboot-only.tarinfo
y,../debian-12-main-netboot-only.files/etc-live-boot-bootstrap2020-netboot-only
y,../debian-12-main-netboot-only.files/etc-live-boot-bootstrap2020-netboot-only.tarinfo
y,../debian-12-main-netboot.files/nfs4-needs-nfsmount.sh
y,../debian-12-main-netboot.files/nfs4-needs-nfsmount.sh.tarinfo
y,../debian-12-main-netboot.files/smb3-needs-crypto.conf
y,../debian-12-main-netboot.files/smb3-needs-crypto.conf.tarinfo
y,../debian-12-main-unattended-upgrades.toml
y,../debian-12-main-unattended-upgrades.files/unattended-upgrades-restart-vulnerable-services.conf
y,../debian-12-main-unattended-upgrades.files/unattended-upgrades-restart-vulnerable-services.conf.tarinfo
y,../debian-12-main.files/50-bootstrap2020.network
y,../debian-12-main.files/50-bootstrap2020.network.tarinfo
y,../debian-12-main.files/apt-preferences-bookworm-backports.conf
y,../debian-12-main.files/apt-preferences-bookworm-backports.conf.tarinfo
y,../debian-12-main.files/bootstrap2020-systemd-networkd
y,../debian-12-main.files/bootstrap2020-systemd-networkd.tarinfo
y,../debian-12-main.files/busybox-aliases.bash
y,../debian-12-main.files/busybox-aliases.bash.tarinfo
y,../debian-12-main.files/cpu-microcode/amd64-microcode.conf
y,../debian-12-main.files/cpu-microcode/amd64-microcode.conf.tarinfo
y,../debian-12-main.files/cpu-microcode/intel-microcode.conf
y,../debian-12-main.files/cpu-microcode/intel-microcode.conf.tarinfo
y,../debian-12-main.files/dropbear.conf
y,../debian-12-main.files/dropbear.conf.tarinfo
y,../debian-12-main.files/ethernet-speed-check.py
y,../debian-12-main.files/ethernet-speed-check.py.tarinfo
y,../debian-12-main.files/ethernet-speed-check.service
y,../debian-12-main.files/ethernet-speed-check.service.tarinfo
y,../debian-12-main.files/get-config-from-dnssd.preset
y,../debian-12-main.files/get-config-from-dnssd.preset.tarinfo
y,../debian-12-main.files/get-config-from-dnssd.py
y,../debian-12-main.files/get-config-from-dnssd.py.tarinfo
y,../debian-12-main.files/get-config-from-dnssd.service
y,../debian-12-main.files/get-config-from-dnssd.service.tarinfo
y,../debian-12-main.files/kernel-hardening.conf
y,../debian-12-main.files/kernel-hardening.conf.tarinfo
y,../debian-12-main.files/live-boot-leave-network-alone.conf
y,../debian-12-main.files/live-boot-leave-network-alone.conf.tarinfo
y,../debian-12-main.files/openssh-hardening.conf
y,../debian-12-main.files/openssh-hardening.conf.tarinfo
y,../debian-12-main.files/openssh-keygen.service
y,../debian-12-main.files/openssh-keygen.service.tarinfo
skip,../debian-12-main.files/personality.sh
skip,../debian-12-main.files/personality.sh.tarinfo
y,../debian-12-main.files/rsyslog.conf
y,../debian-12-main.files/rsyslog.conf.tarinfo
y,../debian-12-main.files/rsyslog.service
y,../debian-12-main.files/rsyslog.service.tarinfo
y,../debian-12-main.files/systemd.preset
y,../debian-12-main.files/systemd.preset.tarinfo
y,../debian-12-main.files/systemd-networkd-wait-online-any.service.conf
y,../debian-12-main.files/systemd-networkd-wait-online-any.service.conf.tarinfo
y,../debian-12-main.files/wake-on-lan.link
y,../debian-12-main.files/wake-on-lan.link.tarinfo
y,../debian-12-main.hooks/customize10-apt-clean.py
y,../debian-12-main.hooks/customize50-dynamic-dns-resolv-conf.py
y,../debian-12-main.hooks/customize50-dynamic-hostid.py
y,../debian-12-main.hooks/customize50-dynamic-hostname.py
y,../debian-12-main.hooks/customize50-dynamic-ssh-host-keys.py
y,../debian-12-main.hooks/customize90-abort-on-missing-microcode.py
y,../debian-12-main.hooks/customize90-abort-on-unexpected-upgrade.py
y,../debian-12-main.hooks/customize90-abort-on-unexpected-xattrs.grepF
y,../debian-12-main.hooks/customize90-abort-on-unexpected-xattrs.py
y,../debian-12-main.hooks/customize90-check-support-status.grepF
y,../debian-12-main.hooks/customize90-check-support-status.py
y,../debian-12-main.hooks/essential10-apt-clean.py
y,../debian-12-minimal.py
phys,../debian-12-smartd.files/smartd.conf
phys,../debian-12-smartd.files/smartd.conf.tarinfo
y,../debian-12-smartd.files/update-smart-drivedb.service
y,../debian-12-smartd.files/update-smart-drivedb.service.tarinfo
y,../debian-12-smartd.files/update-smart-drivedb.timer
y,../debian-12-smartd.files/update-smart-drivedb.timer.tarinfo
y,../debian-12-smartd.hooks/customize50-update-smart-drivedb.py
y,../debian-12-understudy.toml
y,../debian-12-understudy.files/bootloader-best-practice.py
y,../debian-12-understudy.files/bootloader-best-practice.py.tarinfo
y,../debian-12-understudy.files/disable-cyber-zfs-backup.preset
y,../debian-12-understudy.files/disable-cyber-zfs-backup.preset.tarinfo
y,../debian-12-understudy.files/zfs-best-practice.py
y,../debian-12-understudy.files/zfs-best-practice.py.tarinfo
y,../debian-12-understudy.files/zfs-import-scan.preset
y,../debian-12-understudy.files/zfs-import-scan.preset.tarinfo
y,../debian-12-understudy.files/zfs-import-scan.service
y,../debian-12-understudy.files/zfs-import-scan.service.tarinfo
y,../debian-12-understudy.hooks/essential50-no-install-refind.py
